{
  "templates": [],
  "placeholders": [
    {
      "name": "jss-main"
    },
    {
      "name": "map-placeholder"
    },
    {
      "name": "product-category"
    },
    {
      "name": "product-categories"
    },
    {
      "name": "headless-header"
    },
    {
      "name": "headless-main"
    },
    {
      "name": "headless-footer"
    }
  ],
  "appName": "easyshop",
  "language": "en",
  "renderings": [],
  "wipeExisting": false,
  "rootPlaceholders": [
    "jss-main",
    "map-placeholder",
    "product-category",
    "product-categories",
    "headless-header",
    "headless-main",
    "headless-footer"
  ]
}
